{"samples":350,"curves":[0,-0.00466,-0.00121,0.00422,0.00766,0.00541,0.004,0.00237,0.00022,0,0,0,0.00005,0.00294,0.00046,-0.00191,-0.00204,0.00259,0.00503,0.00639,0.00791,0.00641,0.00121,-0.00412,-0.00584,-0.00109,0.00379,0.00324,0.00098,-0.00127,-0.00194,-0.00065,0.0014,0.00286,0.00245,0.00068,-0.00006,-0.00115,-0.00279,-0.00392,-0.00292,0.00107,0.00533,0.00688,-0.00073,-0.00943,-0.00498,0.00803,0.01056,-0.00246,-0.01199,-0.00472,0.00643,0.00742,0.00466,0.00148,0,-0.00118,-0.00358,-0.00561,-0.00558,-0.00242,0.00163,0.00396,0.00354,0.00213,0.00022,-0.00174,-0.0033,-0.004,-0.00387,-0.00346,-0.00288,-0.00218,-0.00147,-0.00082,-0.00031,-0.00003,0.00001,0.0001,0.00024,0.00043,0.00066,0.0009,0.00116,0.0014,0.00162,0.0018,0.00193,0.002,0.00154,-0.00025,-0.0022,-0.003,-0.00286,-0.00253,-0.00207,-0.00154,-0.00101,-0.00054,-0.00018,-0.00001,0.00007,0.00034,0.00077,0.00128,0.00181,0.00231,0.00272,0.00296,0.00293,0.00228,0.00114,-0.00027,-0.00172,-0.00297,-0.0038,-0.00394,-0.00295,-0.00121,0.0006,0.00182,0.00189,0.00123,0.00043,0,0,0,0,0,0,0,0,0,0,0,0,0,0.00079,0.00239,0.00374,0.00317,-0.00193,-0.00497,0.00131,0.00927,0.0079,-0.00004,-0.00858,-0.01195,-0.00742,0.00068,0.00708,0.00751,0.00484,0.00163,0,0.00089,0.00287,0.00461,0.00501,0.0051,0.00526,0.00546,0.00567,0.00585,0.00597,0.006,0.00591,0.00572,0.00546,0.00516,0.00485,0.00455,0.00429,0.0041,0.00401,0.00357,0.00238,0.002,0.00205,0.00215,0.00228,0.00243,0.00259,0.00274,0.00286,0.00296,0.003,0.00295,0.00276,0.00247,0.00213,0.00177,0.00144,0.00118,0.00102,0.00097,0.00075,0.00037,-0.00012,-0.00066,-0.00118,-0.00161,-0.00191,-0.002,-0.00192,-0.00175,-0.0015,-0.0012,-0.00089,-0.00058,-0.00032,-0.00012,-0.00001,0.00002,0.00015,0.00036,0.00064,0.00095,0.00126,0.00155,0.00179,0.00195,0.002,0.00195,0.00183,0.00164,0.00141,0.00114,0.00084,0.00052,0.00021,-0.00009,-0.00037,-0.00061,-0.0008,-0.00094,-0.001,-0.00095,-0.00076,-0.00045,-0.00005,0.00041,0.00091,0.00141,0.00189,0.00231,0.00266,0.0029,0.003,0.00292,0.00267,0.00227,0.00176,0.00118,0.00056,-0.00007,-0.00066,-0.00119,-0.00161,-0.00189,-0.002,-0.00186,-0.0015,-0.00101,-0.00053,-0.00015,0,0.0002,0.00072,0.00147,0.00235,0.00323,0.00404,0.00465,0.00498,0.00488,0.00428,0.00329,0.00204,0.00065,-0.00075,-0.00204,-0.0031,-0.00379,-0.00399,-0.00353,-0.00251,-0.00115,0.00031,0.00164,0.00262,0.003,0.00212,0,-0.00248,-0.00442,-0.00497,-0.00415,-0.00248,-0.00032,0.00197,0.00403,0.00549,0.006,0.00533,0.00376,0.00165,-0.00064,-0.00276,-0.00433,-0.005,-0.00459,-0.00339,-0.00171,0.00016,0.00193,0.0033,0.00397,0.00371,0.00274,0.00151,0.00044,0,-0.00038,-0.00135,-0.00268,-0.00414,-0.0055,-0.00653,-0.00699,-0.00614,-0.0035,0.00008,0.00376,0.00668,0.00799,0.00676,0.0034,-0.00063,-0.0039,-0.00495,-0.00257,0.00149,0.00461,0.00466,0.00295,0.00096,0],"hills":[]}